embed,node,root_id,comp
S(51x51),EPG,720575940614297640,0
S(51x51),EPG,720575940626449082,0
S(51x51),EPG,720575940619006272,0
S(51x51),EPG,720575940631708836,0
S(51x51),EPG,720575940658101889,0
S(51x51),EPG,720575940613829900,0
S(51x51),EPG,720575940631125036,0
S(51x51),EPG,720575940628493572,0
S(51x51),EPG,720575940611216099,0
S(51x51),EPG,720575940619296365,0
S(51x51),EPG,720575940638850512,0
S(51x51),EPG,720575940620419354,0
S(51x51),EPG,720575940626315207,0
S(51x51),EPG,720575940627140551,0
S(51x51),EPG,720575940620020694,0
S(51x51),EPG,720575940626137895,0
S(51x51),EPG,720575940620664741,0
S(51x51),EPG,720575940620776662,0
S(51x51),EPG,720575940624096234,0
S(51x51),EPG,720575940616502066,0
S(51x51),EPG,720575940619905404,0
S(51x51),EPG,720575940602917088,0
S(51x51),EPG,720575940629691753,1
S(51x51),EPG,720575940610453427,0
S(51x51),EPG,720575940626721835,0
S(51x51),EPG,720575940635461550,0
S(51x51),EPG,720575940632614295,0
S(51x51),EPG,720575940624784280,0
S(51x51),EPG,720575940614926475,0
S(51x51),EPG,720575940613836438,0
S(51x51),EPG,720575940605827761,0
S(51x51),EPG,720575940623046548,0
S(51x51),EPG,720575940633719487,0
S(51x51),EPG,720575940616569601,0
S(51x51),EPG,720575940623852873,0
S(51x51),EPG,720575940630199963,0
S(51x51),EPG,720575940608722371,0
S(51x51),EPG,720575940625351354,0
S(51x51),EPG,720575940617769851,0
S(51x51),EPG,720575940660921985,0
S(51x51),EPG,720575940628843458,0
S(51x51),EPG,720575940620282906,0
S(51x51),EPG,720575940618612952,0
S(51x51),EPG,720575940635427982,0
S(51x51),EPG,720575940604801993,0
S(51x51),EPG,720575940636730694,0
S(51x51),EPG,720575940632844002,0
S(51x51),EPG,720575940628802041,0
S(51x51),EPG,720575940610901930,0
S(51x51),EPG,720575940622364771,0
S(51x51),EPG,720575940642634532,0
